epoch,train_loss,validation_loss,global_step
1,-12.313394581039844,-13.08410770990311,2695
2,-13.602221137521761,-13.747676593493154,5390
3,-13.981309923244336,-13.952323226675729,8085
4,-14.202843883908672,-14.181959677489958,10780
5,-14.341080379253608,-14.252951464477354,13475
6,-14.461999373672844,-14.392220201482175,16170
7,-14.530841573125615,-14.424038928612053,18865
8,-14.624380684165136,-14.421836785315266,21560
9,-14.68069044248686,-14.522749175315239,24255
10,-14.722127063154858,-14.382722323727547,26950
11,-14.768631012445963,-14.544149817687739,29645
12,-14.803126374366048,-14.530084556986763,32340
13,-14.845569836759328,-14.620382692861916,35035
14,-14.859764501870668,-14.652925997371938,37730
15,-14.894296034980195,-14.701152739056411,40425
16,-14.919710972984241,-14.64016396017459,43120
17,-14.95277283827213,-14.708014957775697,45815
18,-14.970814471626452,-14.724993986356768,48510
19,-14.990033165207294,-14.732780213395055,51205
20,-15.006694000905961,-14.7233819072733,53900
21,-15.023882528026286,-14.784733074062718,56595
22,-15.037921330240064,-14.737801878706033,59290
23,-15.05489288426702,-14.766854412271934,61985
24,-15.072538175143158,-14.777887057822657,64680
25,-15.086883300856256,-14.764531043937584,67375
